tier,summonerId,summonerName,leaguePoints,wins,losses,veteran,inactive,freshBlood,hotStreak
CHALLENGER,AW4jLzyT_xD3dsJl64tkHHqHCbmGR7m1IB1JLjciCf0JSHk,하하나야,691,388,342,False,False,True,False
CHALLENGER,YlcfsoViJY_RcE1OykK36eRwwZkX-dS3CN03xo3-3BgCcw,탑 혜지,755,1053,1008,False,False,True,False
CHALLENGER,gDT7EahewUM3ICOXTaaFUG-Lc8G6YM070M2tdWSQZ9Q2uJ0,jiandongjiuzuan,858,609,558,True,False,False,False
CHALLENGER,xYab9jxaai-xJYdzcIJRPCVayRL75bEf9HfBK35Icqppbys,motiongggggggggg,942,588,501,True,False,False,False
CHALLENGER,XPw4d14HEiRv2i183uJ40ALdruig5ulQyR5GyKtyME3dbfY,qiaqia,780,553,504,False,False,False,False
CHALLENGER,VP7hoqvcqDJ_lTd5ZBx1TvEgE2Ld7cWPN0Iss9vYdTdY3AI,Awe Dive,760,567,521,False,False,False,False
CHALLENGER,7HTkHlXBx7PrTs1tcESRYdfUJDC8VDZR0FyGqcexyqvHvMA,mogubaby,857,215,104,True,False,False,False
CHALLENGER,ZdB9JyVsXg3ag1W1OSKLQ4zy2tI_PQ7GnSD4wqAIOyG_7FU,Aprox,1051,245,180,True,False,False,False
CHALLENGER,-nKkbfGqc4wERvGNl1k1TRJa0QwWhPY8VxUUju2TDxGkBgc,주먹밥쿵야1,833,213,165,True,False,False,False
CHALLENGER,-PKiwe-QpYoN_SRhNC98nVWnd6Fw6u4YKB8_nYwzeNf4AIo,이탈리야 전문점,697,275,207,False,False,True,False
CHALLENGER,bAj7WrocvQRhuhVfREQNhNPUXYUoWrMP1qvaCiPu01uPCYw,huntiand1,1147,739,694,True,False,False,False
CHALLENGER,EWI4jkK_ZvjkqxmdOkIHsXjwL2XdLy2eFbAV1ulnCMaXAw,소나잔나,1215,198,133,True,False,False,False
CHALLENGER,kY9eN061gk6fe_FlE0XP7N9DjTOF1UO2U28IVVFKT6gj_KE,T1 Roamer,924,1030,977,True,False,False,False
CHALLENGER,nzgwqpnjLEYmmPlj6YG1awWH_AY3-8axk673qyHvNba5hE0,용호얍,1259,311,191,True,False,False,False
CHALLENGER,2YlMSpf5cpFIk3R8S3_xQL8Y0J6kxVbjhqmAext6t5BxDWE,백수넛,938,448,394,True,False,False,False
CHALLENGER,DVmeZPlLC8kupN1p7CYtODBDaMHSuGCF5VLIR85VtAL9eFg,MAKJANG,761,183,131,False,False,True,False
CHALLENGER,AWvLENmf6yJn4mBQeeun86OzUVPO-eDToiRX3L_vgjSbnR0,KzcXaz,1246,376,297,True,False,False,False
CHALLENGER,Dr5hdqJhAACFX9HW9Yle1yNAe26mASR4Ustu4xS7mPDfKGI,krats aira,897,303,255,True,False,False,True
CHALLENGER,O3wX-F5sSS1_ik3MWfBYj9EwolLnCAdN-nRNS3YnUskl60A,fabaju,717,664,642,False,False,False,False
CHALLENGER,dVNHvwsjczs_POBUUIRIcvGC-iwkAbQj2JuOISgaXTEjnDQ,T1 Cuzz,1117,326,268,True,False,False,True
CHALLENGER,z8JQyBC5bS6A772JI0g8AAkdLz2W7dil9JnfIHCZhag_7zI,Vlbra,746,300,270,True,False,False,False
CHALLENGER,MXmO6br11UXNmq3CdZRprDe0Gm7k77EaZ_xDRHu2CabiLvw,LOTILYX,695,289,246,True,False,False,False
CHALLENGER,f3fAbIuFzhp5QCMu1JFThRWiEQizuE2n8f9KfLAwL3lRzp4,xiao hong mao,852,569,413,True,False,False,True
CHALLENGER,2moShm0rvumIVhGe1dXZNSUIk0AJQ2JybSkCEQyAVpVPX6E,SANDBOX OnFleek,759,449,418,True,False,False,False
CHALLENGER,m6VVA_WJEE-mO7zuob7BuWhyTwbIqt-CDN_S8cwwyioI8w,SANDBOX GorillA,940,477,429,False,False,False,False
CHALLENGER,hNl3eeVj-oTzOPiHx4gdDcUhrWbCO_lpc483f7-WOkfFXLk,수금토토일민우,691,202,154,False,False,False,False
CHALLENGER,q91sHjSLeJM4y3hbdtmIqq8m0Ak4dKgys3G5JvF6VMaY9XM,tianming0,1053,498,376,True,False,False,False
CHALLENGER,ZphioqlBprQoY5ELv3P-sF8Q-yukOpJRBz8akde6vUk1ddY,AdadeHuanggou,769,635,525,False,False,False,False
CHALLENGER,LZI611goUobC_7C840va3xdq3tkIG6RLKZ60QTFg8ndBbQ,쪼렙이다말로하자,1148,769,702,True,False,False,False
CHALLENGER,kiBdVBUwqcerRSB3pb72ZLsY9n_6DXcFYbrhgrnWu_KT4js,JUGKlNG,1262,193,122,True,False,False,False
CHALLENGER,R4IFGG09eKJOwR-miIpAeL-56Pv_XArNPXcaSr9l92UJ0sg,종탁이,781,797,746,False,False,False,False
CHALLENGER,JtDpfLNfG5eH5JQ2G2qQsZ30mbeMo3raAaB9TWsRS0VcUNA,Pnpm,761,137,93,False,False,True,False
CHALLENGER,vEX-p781FQ2qnMFjRoFoMKZ0GqAs7d73TQoXSPI_9tdOgo8,T1 Gumayusi,1125,598,526,True,False,False,False
CHALLENGER,_OrYTs2khnCqgOEpi11NkMASXTRAyMWv5QtED9zu3hqBqaA,Till rapking,723,874,814,False,False,True,False
CHALLENGER,01NAuRuKSU9mCQrVW6r1c7xwtcwZR_wjfZB4ah-Yj-9twLE,Chieftain00,764,222,178,False,False,False,False
CHALLENGER,0vBMZwtzBnVXwU50tSgAgUeYEhbNO-80Sfjiy9n2UfyZHA,날뜩한 칼,713,233,204,False,False,True,True
CHALLENGER,6-MZeijXLuyBKPwhgAy-ygKalmPhfrwB9PwZpdcB-17M7c4,T1 Fisher,788,421,298,False,False,True,True
CHALLENGER,5XgBRIboJymDkNzK_u6OBdXNZ4NYpHLPEoYirf3HaWSmeJU,손연우 사랑해,901,252,190,True,False,False,False
CHALLENGER,Z9AEXuaL5yMNyFxh7E0x5xyCus0404THBzJjr7t-ZsSDi3M,베어 쓰러뜨리다,1030,613,534,True,False,False,False
CHALLENGER,mcWPxv9dSgQ78OEgcfbx-s3RwJVDqcIuGCIUU4sRba9FtLI,vdsqwqerx,934,395,335,True,False,False,False
CHALLENGER,zgbEc8lHyB9jSLovhkd503W4TpmbuVP91cIc7gfqmXP_Lw,메가 우기,744,280,242,False,False,False,False
CHALLENGER,DfdddaVpOZ3DrxKPKqbwNePyD16UYScPtQkIETAlqF4tGpY,T1 Berserker,766,643,638,False,False,True,False
CHALLENGER,5yhenMzLF57NtAbbt39tVJ8cC1p1JHJK_uxqSPdjSpaJyM0,HLE Viper,1161,396,325,True,False,False,False
CHALLENGER,KFTfHwofq8WmGVihjojnfqdjrqXCgQDze7hqzLZbU3M1W9Q,헤 돈,707,174,120,False,False,False,False
CHALLENGER,uwuwKGA2ZlhJzcmWz_lamPvdEhkLriGUx3CqOajHIfPtsPQ,캐 인,793,302,290,False,False,False,False
CHALLENGER,FSYgvsgbF7CH-P6VFVVi5WB_17Xch34dTT4ylruoiRUri8Q,xiny1,697,408,337,False,False,False,False
CHALLENGER,MXU8Ct4CAZA3IBBF-Elyk3a3OLph4Xn3hgJJjFKpt-Rl7Ss,승부욕xxx,999,685,575,True,False,False,False
CHALLENGER,tBUeEmNg1Tw6VIEwBpSKypU1YORTADluwZQVxDz7OX_SEQ0,타 잔,1223,397,327,True,False,False,False
CHALLENGER,Aaugul_2Vzksv14rdhvXWKc7V1ujFzfWOrkAFngxF1Ct6g,동해운수,815,401,353,False,False,False,False
CHALLENGER,1R0oPaqtBNBS3tTtxVyBqdSue1GHvNRD91uq-33vomNAJg,냐하준,700,572,472,False,False,True,False
CHALLENGER,7ypbwVTSHYSPgwH-Igi4rghrKwcPzCpmOUyqBbx_-v4rHiM,W13L34,848,367,310,True,False,False,False
CHALLENGER,k4FVXDOShWHRJfHhx2Jbv5WCM8cWkBv-rA8-hf9psggttIc,always confident,950,314,257,True,False,False,False
CHALLENGER,zbQZP3-2q627RkKVguTCfn7XKeBV5aFbj7sMEu3ef1uoSd0,T1 Kuri,947,758,708,True,False,False,False
CHALLENGER,NglxZS3AcrIIfa4AcOY84w8rXEsRIoOB6JqfcH_cuBfKGWw,진정한 쾌락,1036,724,666,True,False,False,True
CHALLENGER,IDZsjFjzIJFvSr5ml1bOHsgZ8lTGBQvzQaS01RlnO9-n3Rw,BLG ADD,698,128,87,False,False,True,False
CHALLENGER,N7skIaRPjZ0skRwKKvZDhXniBO8YQ3lGLie7rzDVlDUq_Pg,SANDBOX Serenity,871,314,275,True,False,False,False
CHALLENGER,l93q-0fp8ZKb7sj8EqtpptWRNVHjM_gD4rGqAX8-xnW4Awg,hyckrrwzsn,875,1098,1047,True,False,False,False
CHALLENGER,eVKRrjivOX02A6AsEtdErnxOjO4mE-f7RIHjcY706yVq0OU,DYN Kuzan1,1020,470,418,False,False,False,False
CHALLENGER,Q-HrQ-0UqTzE2QQuGoHjU3lN78LTFgQ0yQHGWQdRw-eNP54,Keine1,945,418,365,True,False,False,False
CHALLENGER,wbLptUw7fTq41Z5E8IvI_dyDb126Op-sGan8mnGFlhrpDQ,한화 큐베,864,699,659,True,False,False,False
CHALLENGER,Q94cZgeYovy7MZNFQiwi1O9xQ_eKZtMI8o8Ubxpbhhkx8XY,헤이스트에요,746,549,510,False,False,False,False
CHALLENGER,ucs1XdtzpjhRrdNZuC71zDycoI1p7S6DJg4U3bLVIbGmLUk,Gen G Kellin,849,319,274,True,False,False,False
CHALLENGER,jQUaF8FE1rvb6cfeOYLC6vt8rGCwZaKGrRbSYfXgv6cLEPI,zyzyzyzyzy,962,394,337,True,False,False,False
CHALLENGER,p2LJ3fMtH2TLnaYx9g7xXvPlF-OE1W1TIAUewCgHjH2avjo,tian xin bao bei,769,284,239,True,False,False,True
CHALLENGER,y6uSvJSqwJRQlMpAxHpdQ24WTitQiK8VjGUT0viYApnRLw,돌낳는남자,734,262,217,False,False,False,False
CHALLENGER,gz84sP0bIB0tf9CRxGW4YbgX894HAO7iDWDkoa-p57dSgR4,우싹씨,836,251,199,False,False,True,False
CHALLENGER,pbsJO2NlFfS5c17xzTnoTYFraQOCPsaypzSLSd4p7dXaOCw,feng ji xu chui,737,320,254,True,False,False,False
CHALLENGER,RM7LsvF25dA94ophkHIy5gEbFjJukTXxg_lc-cPDAqUCy-g,SANDBOX Dove,1070,455,407,True,False,False,False
CHALLENGER,j1SfaDQP3M2z-IIe4gajTxbp8Ep7nRv77Bix84LOPtOIuA,Axiyo,868,183,177,True,False,False,False
CHALLENGER,lwn3uMIJcPMxPtJYIZpEc2eZ1J8JA2qmnK7uVbszAqJyJpg,Mango Fish,1020,511,396,True,False,False,False
CHALLENGER,ciaju1E2mwiuuspfYTc8DJHznl-6InYWX7y-cGI90TI_x_A,HLE Mireu,782,701,644,True,False,False,False
CHALLENGER,ZZqWBxpEoYd0GoSbYKADdUxX5BPb8oAe0wfpJR2ZZSstyCU,퍼플팀 죠앤,821,161,104,False,False,False,False
CHALLENGER,8-wfEVAqnoZi44GfnnIhgVGRmY-Fcj8fbEhp5wfcHo35Bqg,시간은또금세흘러,1400,153,83,True,False,False,True
CHALLENGER,n1V-eIHAHlpGK7LLpvb0lB4S2bSviCNH8FxhA04iqRpO9kk,Dream go lpl,694,279,175,False,False,True,False
CHALLENGER,ppVwrNbrsftILKXWieWQATlStnMOEZNhbhNbMC0TxTNkOkR1,wen shen z,690,441,343,False,False,True,False
CHALLENGER,DAS9sx2zpehYLQnc-h9MJI-xK58r-eTmcf9WaSGthv-KnIo,5Kld,828,172,115,False,False,False,False
CHALLENGER,Pwo14RPHunvUsLwXEyop6lQ4arH5QSe1rHSxgNTZMT9herw,quadzz,842,118,70,False,False,False,False
CHALLENGER,AivFsF8GKDYhqTIsvb-IWyB18CtRe0D-qO7WDltViJXJuCVb,두꺼비압수,824,219,108,False,False,True,True
CHALLENGER,mpxtDsL44aE_u2auAjRPqrgXM8ReyWvX5P2zhS699afsAe_P,happy galio,1001,204,89,False,False,False,True
CHALLENGER,AmxyYfiIRaTw2oH49CzFX_muoaKFMwSE-OOskbzCA0Mb5_I,랭겜에강한남자,707,390,338,False,False,True,True
CHALLENGER,F480SLQBkNirz529h6OuCX-MclDTSB-Yqu8BN2MYiKnU2NY,DWG BeryL,894,318,276,True,False,False,False
CHALLENGER,tSKhf2UhkXyQPFsXFuhIWwSoInrUR7FHfNvr8S9iM4mJ900,재미없다고오,796,464,410,False,False,True,False
CHALLENGER,abUKp166vBiOgDWooTuDwHliU7HHEaHesAJTvsDIZCIIxBI,zhen de lan ,748,516,448,True,False,False,False
CHALLENGER,-AvTeMv-UOkdMvF4E7xCF2F8jkAaXttJJXTaS4HI5TDAr6Y,KT Malrang,1175,361,284,True,False,False,False
CHALLENGER,CaEuL1EZpiqY3H-MZAO-oSCurfRNY13mxFp9ih8zMQn7wDY,게복치 숟가락,958,389,316,False,False,True,False
CHALLENGER,EUCsAq38j9Cve65gh70Oxg0TG92QR0vvB0XhAuXz1QgPTA,HUYA jincanyi,1330,378,279,True,False,False,True
CHALLENGER,kc_jaS6_j4KilBb5CxS5DVIVKM5oUkTNvPBwnD_Vh_1dbAs,해강고 원딜,741,428,415,False,False,False,False
CHALLENGER,pV-_1D_EtkNh-WodTV_c0d8CguUrLNcG6HsfEz6yUMa2V1o,Koei,815,769,721,True,False,False,True
CHALLENGER,SLnLl5ZvIjajRrPkVkC-ehH_NA_LKcpiV1_fjS1yvn0EtWg,SANDBOX Natalie,901,590,532,False,False,True,True
CHALLENGER,XemTNu8qIeArcbsqZ2gNHLgzJJ9eaIv1ZbF92zImP8jszw,훙쌍리,786,288,214,True,False,False,False
CHALLENGER,98_ncacDwzELHm4ONPF6bgHhfUmyyhOcYIQ2fgiQjU5g5bs,K T,1166,287,163,True,False,False,False
CHALLENGER,eorhW0s-u7Yfh1QHEstAFfzThVsJuYJbjafhurYeBBttFko,Gen G Clid,775,493,434,False,False,True,False
CHALLENGER,DynHcKKcz-Cjc64p9b04rTuxyhy1q19N-gnMQeRzxCAVp-A,스컬지,1034,469,403,False,False,False,False
CHALLENGER,A7gJjbpvUJtfFI1fo-g-w-Mirbc5fw6XfpsbfuF1ssfRo7w,YukiJudaii,834,275,216,True,False,False,False
CHALLENGER,0w5Jko3UQntUIAsow2iDTR9O4B1A8XLu86gFnlmnEaEN6ig,Twitch TV 리하우,789,329,273,False,False,True,False
CHALLENGER,Slwo6Boe8uqCRtRvK6CuxEx_UimqCpZHplhb-RMozMnM_nk,xu xu qu qu,706,335,334,False,False,True,False
CHALLENGER,7mRDW9r_rmv81vG3kRzocxvr_RFRwsC86xQf9kmddewJqFQ,창작은 괴로워,666,354,298,False,False,False,False
CHALLENGER,jw971qu1JpwneGzoY99tz3ydPCGZZDJatQ-DxDUHLSnIS-g,I cannt stop,1012,942,882,True,False,False,True
CHALLENGER,MjJAvdWFJbk0B5zlhEVq-hNpRihrU30QPVfIiLemX5Mr6ok,Gen G Focus,755,449,383,False,False,True,False
CHALLENGER,3WSU5tSHoQcC2RPweLO78vfc3E05Ht-YK_5zSTzBdDCm0K0,Sangchu,804,239,215,False,False,False,True
CHALLENGER,4AeSwTEwn02MBapA7xSJaktRgN9DXgNfG_C0pUfkUhk0QHM,wuwuwu bieshawo,901,470,392,True,False,False,False
CHALLENGER,DoLRNHKS6YTdA2oZf9Mq66PdZ01_2n8A5GR0V7gpcQUWabc,anjinpaoxiao,726,621,587,False,False,True,False
CHALLENGER,0NBbg4PInZcKaofG-nAooe7fptiE6xKqPRLPFNs7aGVHFt0,OZ ian,950,401,337,False,False,False,False
CHALLENGER,Ye08h_u6NhagC3ZchP8R-FF1yQTh6-RXec6ikjZx5B4RgTg,jkjkjkjkk,772,502,452,True,False,False,False
CHALLENGER,HgKzx56XZrBc2owPC6UFQE1CH5sRVy2gzXR_Pwz2wlh8cYU,Da Su Ke De,775,786,705,True,False,False,False
CHALLENGER,ekgdnKR1Y9lYC3gZyibcluWgZrCMoEpoXyPABixdAD-21dE,aimengxin,810,708,644,False,False,True,False
CHALLENGER,do0FG8x9Qs9V-g9ZbnwYl6C8gblfMD9GX7yjNXGUf5G-Gzg,사 용 수,1085,294,237,True,False,False,False
CHALLENGER,NfQvSHSsc15sKFgted_FYmk-CWl9L1mhEg32V-9unuCrEUw,T1 BurdoI,1461,288,243,True,False,False,False
CHALLENGER,MxQO0IHe9HY4bxKnc5zycDXnTsFppbaS93Cx147V1ilyyT8,Pout,697,640,604,False,False,True,False
CHALLENGER,AGg_3s6aVHDdI7955jcUxQPaGFFmfW_SAl3o_pNvs0FPRw,Hide on bush,715,442,411,True,False,False,False
CHALLENGER,cwX6Whuf1RTjBKJkk5zhSprimnyg34tQ3-u3rf97CK9D3zU,따봉 람머스,728,490,427,True,False,False,False
CHALLENGER,uJIqOCtidD9ABvZ4llKQHPQomIUiActcCPLWDmNTT0Qzv4w,lIIIllIlIIlIlIll,883,169,118,True,False,False,False
CHALLENGER,vQk35Hyi0Ctdj9yNs-IGY4uH5_LEInZoDjgVgxeor3VDzA,My Flow S0 Fresh,697,1041,1008,False,False,True,False
CHALLENGER,yArXLQglqhdEqe_G0fNhZ0ELM4_xwm6XUcR-4JACndzXSuM,Destiny,1011,196,193,True,False,False,False
CHALLENGER,rPJ-FVa6v2m7-bPJsPxf0U4355RlGy_DyzBWzZneJaJeLps,SR99,745,742,691,False,False,True,True
CHALLENGER,QQthYykPoWgePUSTNfdfn0g4EZ7YSzmoZ4JPEsM856sdSUY,호잇이,978,918,863,True,False,False,False
CHALLENGER,AA616F2UeIr-APOBA9_ZANr33K_-fdkmb37HEHMvmVe1AsM,deokdam,1091,188,113,True,False,False,True
CHALLENGER,l1VlhLLuOGt9Ud9LvDpSJm5jlptsiBFblppCkm1ubO3Psw,김구거,654,463,430,True,False,False,False
CHALLENGER,BUDDLCRpzuKwyVSC-1dIfNOGUga80Ol4O8zbqFdgIdWmGbc,Tar2an,912,153,103,False,False,False,False
CHALLENGER,d3TzSxRvUSATK4ZH29ocYqO0Lz9sx1AV0jVofEhfDHKzoQ,군밤갓,869,200,152,True,False,False,False
CHALLENGER,NgPsmobvpQZtLJ2IR3-vYuYXF-gCfyWstUGlBtaGUf90lwM,DRX 홍창현,1079,846,793,False,False,False,False
CHALLENGER,lXI9Jfo9sU23Qi1QCccSjF1C6vRE2T0m5-rsqo3aSj0kXvo,망밍맹먕몽,729,475,428,False,False,False,False
CHALLENGER,KuuoY8OIgIirrsjxyT5c62oZq1QPwXseH7NcJpK8igRdef4,T1 Crescent,798,971,949,False,False,True,False
CHALLENGER,1_1JVubNzDBGyxlpvISpNxI1LAklcFANk2JbVzBMD7JFW8c,OZ Juhan,888,790,730,False,False,True,False
CHALLENGER,hzPd3bE56gEpRvDmjjq9WUUwLhHOoSM-d6GSDjGghtmyAEU,YMzhao906731647,1011,830,722,True,False,False,False
CHALLENGER,YnNZfjOuCor9aM1BEckZaeKagSSbrHOGHp3ZU9HeaGYah0E,MyMagicBurnYou,1009,527,473,True,False,False,False
CHALLENGER,tlZt2z3YcMZgs08904-QAfG6mRaagnQh1DriPJ16-uZFKoU,Alonenesssssssup,790,881,827,False,False,True,False
CHALLENGER,mVNae9gLADr3H1Wp4dMzCU9-4YrhhktEiferkjdR75YBqbQ,H2Z2,683,489,446,False,False,True,False
CHALLENGER,FEmd3DsHCIpnd6AjpJvNrvURir5tK9Gb2MAF4B1yyQeRgUs,화내 지 마1,898,632,573,False,False,False,False
CHALLENGER,iImkzDMki3JnEqVZT4oUfnYz2jCa3XG6yTzae998hAl6A70,세체원 이채환,926,413,349,True,False,False,True
CHALLENGER,_CHMgtXIma1YLQGi393QxCbfLzxSMnPDNhk5dD78ZF4tow,arrowIoI,929,573,513,True,False,False,False
CHALLENGER,o6TWD65hDKOBE1HlXQsa267P50FQoeE25gdEBbIr-nha7s0,URGOLD,743,324,255,False,False,False,False
CHALLENGER,FStSN7v1OjelnD8PUrFehJ8NBkLvlKb8A7lpFrgPSCvdTEM,fengche,860,444,326,True,False,False,False
CHALLENGER,f-xUl3bS2xdb1hDqKHb5dSvf8yrVaT2CWQh2GpA357A92q4,Wecanwin70,720,888,854,False,False,True,False
CHALLENGER,NvzdMYazez-X9xs6FIhfwuoAkLRcyVVFSWU3jSkK9REhNkM,너 왜 우럭,794,320,274,False,False,False,True
CHALLENGER,lnlHgmVj5_qt7To-jn7oDBlixSkGdDG94VPksPFDQf9-jL8,연패 후 연승,699,443,356,False,False,False,False
CHALLENGER,RPRQoALdLvMZ2HeZyZ_JEx24vHpsxFWwSfHildn7VAk3YCY,Aorlf,702,746,705,False,False,True,False
CHALLENGER,Z5UyZ8bPNM8-9q141604Uk33mYHAdO9M2uE6hzZ5VpPRLf0,Gen G Ruler,744,315,273,False,False,True,False
CHALLENGER,Rpas3216qN91WTLVN-ju4fphxHgcfsUW2inKaRih0U6b1fw,SRB Harp,720,553,512,False,False,True,False
CHALLENGER,82lkaNSEBcu1I2q0gPr-OWt5J_KaSWT3wNhKhSLkz3iVmoU,T1 제우스,1144,786,734,True,False,False,False
CHALLENGER,F8beHIHuF7f7Au1JWNdzcEYSWngZ6JlHw3L8MZvOCLUb23x8,황포강을 뛰다,819,193,82,False,False,True,True
CHALLENGER,1-MfWiKBp_zn-z2hHzq7E4YFTUmoZG0WK1L9n0MdFJ1yqz8,서프라이즈데이,699,112,76,False,False,False,False
CHALLENGER,dTXeA8yWKtpk2VLLDFv20StB19MbP0yryP8dJM1K_clvXsjL,SKT T1 Windy,710,151,46,False,False,False,False
CHALLENGER,MfkD2Fe4ivmu7qqi_dz33-nx7GTQiqenBjMrUvdmCciWjsTg,GALLOWS BELL,738,298,256,False,False,True,False
CHALLENGER,SpCnqKm5-NQRMZXcM2hSHUYKFhFJzjz3s93nqrr4vAWUsvk,YeXiangLun,983,777,737,False,False,False,False
CHALLENGER,e2D5g2pwQBaiqGYon2d5p7Q797rQ5v_1azDg6AikQDaiIuY,IIrrooGG,1042,421,359,True,False,False,False
CHALLENGER,ubXHT2dzxhKOB2U27prZeosu2tFUwQnUOYd02_pQMT5AXAk,pleatazz,832,729,745,False,False,True,True
CHALLENGER,9_zpCrVwct-G3BeDp8m8IMdLrLKtiGr5YNtrS47bcdcAt10,SANDBOX Muru,751,611,492,False,False,False,False
CHALLENGER,x8OyL5AKHC6WicviErtI_3WG_Cmxuj-m69JPqTgxbiRtv4Y,showmakerzzz,1330,246,164,True,False,False,False
CHALLENGER,Pw1sqA_L3YZL6NuCuvspnSIAiqHaagBfME6fsaktuaUiOP8,함 알,712,692,647,False,False,False,False
CHALLENGER,wGfNdoIs-UBLUeVzhjT0WhRlTu6-xmFb0VJdD0ZyUlxBRgY,KT Ucal,955,441,362,True,False,False,False
CHALLENGER,FzgAzfP5le2b4s9Y1s8iixdLWL8S3_vqnqli5MP9A7mD1A,Azhy,712,432,398,False,False,False,False
CHALLENGER,G5Diz9G6Hh3pWBYKFDKPmA86P9hsG5bnaqjRdOYtoE-nek0,미북이,820,573,531,True,False,False,False
CHALLENGER,VFv9HuSe4Lg-mITumEJe2lLPWUFOJsYBUPilz5M97vp1MzU,카게게,950,515,456,True,False,False,False
CHALLENGER,HKgOUA63Z1Exsgv_534Mcpn7ZPDF-pNzW7pgmKrgHoQsESw,오뚜기3분미트볼,866,205,146,False,False,False,False
CHALLENGER,nCGaWNSoOzUcN3ogpWOCjKFBcQkLX8mb5O7CLuaJL1V3XXw,모두다함께차차차,1158,462,399,False,False,False,False
CHALLENGER,KS9oqusvIOR62AancoIwJEggJMegCUw1lrJOTckIKd49NrA,DRX Keria,982,526,486,True,False,False,False
CHALLENGER,IPZB2dkl-hcUEZ2ZGdhG6pj1weVQNlIb7f83B-GCvZ8CBNU,geton,762,245,160,False,False,True,True
CHALLENGER,2E_f0TPJXe9kfP02TPsSvl_XIPrp2kdBkhC2DOwcmTWcma0,아이러니,1046,285,222,False,False,False,False
CHALLENGER,72EHQ1j58Yxtpd_ggMJuS861ivzaM08czZ--cBwYO9uNizc,SANDBOX Lonely,943,350,298,True,False,False,False
CHALLENGER,zLUOEwckVCFH0RAeHTvzQrk1E012fdLpVlgSh6ruLfnIWBM,qqiqi77,844,345,302,True,False,False,False
CHALLENGER,e9q9VxLhWkbtxN_9LOU1GYqXcNrhZr1Vz6U07PfiovgEvPs,zhangyuxiaowanzi,801,611,573,False,False,False,False
CHALLENGER,k2xtt0PKaFTrhJS87_AG-X6jgjiBEx6iIsyyNM1QTd5pWWs,jool,834,285,224,True,False,False,False
CHALLENGER,48d1tIjUplk_Llb0ZcwCQN9414CjLcuexnAYvxG6gWEjzOc,읽씹맨,897,348,290,True,False,False,False
CHALLENGER,D-ezICI67hG42o7wiNsIz3-3fZbcfFgzsqA4F8kQ5_zIfSQ,김도칠,772,433,391,True,False,False,False
CHALLENGER,nr6svq7AD1MJqVfEYorzYIIITJB0B8ZqLKtyY-uuhJZBX9Y,팀개못하면누누함,1011,401,318,True,False,False,True
CHALLENGER,RFm58inUt_jVk3VCiFmGq37ImIU-rAykcAke5NUuXx1V-cI,원딜 왕자 이채환,1113,250,183,True,False,False,False
CHALLENGER,MCWh1O0i4eULIGW01pxzljn-NHnpwpCK3dHvXKJc8n9sOqc,댕청잇,830,480,430,False,False,False,False
CHALLENGER,21O94LCfIaTxrx3gI01mJMczrLE_CdIY-PCoiZHMRuQuyZg,IIIllIllIIIIIll,720,363,357,False,False,False,False
CHALLENGER,SUBHuuA2bf2u2OFKgpCBFEARG8nNW8qAbfMER_7OcXQ57vs,hearer,780,127,81,False,False,False,False
CHALLENGER,2cj27zE1nTYBHazIIHGIm_S2kj4qc8KEEA6r40KusG1DrLY,SANDBOX FATE,709,338,284,False,False,True,False
CHALLENGER,Kc0ntIifcTYKYIto0jTGCYNzozQdcbXYC7WmpLxzAnfuqaI,Babe G,898,265,175,True,False,False,False
CHALLENGER,Fk7c1eoLZcQUl4dB-SEMTt0wltTLPb-sYT7bu2ElEbguHBw,zyb,746,207,109,False,False,False,False
CHALLENGER,4I02DWq610jSzoaW9d-cby3RLsrywlMpfoNVqijBoFFROVU,마스크 챙기자,813,488,444,False,False,False,False
CHALLENGER,0xceX97LOyWQ05W4Xv5g4ggzfkNzvTtg5vvlFAwzOV7fzmw,Oct0ber,938,335,286,False,False,False,False
CHALLENGER,ZQYXft6Exkq-LJkp-Eh9xH0XvyhUhnkiWviGekBwcWtUoo0,Lehends,1014,422,361,True,False,False,False
CHALLENGER,7fkQAVMMwkjdTg0k-Vl8Qj9wbs4pRIDCiGhhSAyoFHDGQp4,칼과 창 방패,816,264,238,False,False,False,False
CHALLENGER,70bp_t72xN9IV2Bz9UCffwOsuI5AKAcSaRwh2YhJez724mU,Co24,843,554,500,True,False,False,False
CHALLENGER,b9a4KEMW23VL3BlVtXsRVMN9218YHlafX5XbL-1yDln-qz4,못할 때도 있지,723,412,318,False,False,True,False
CHALLENGER,D0wcCyFFs8QMrxstc2FmYrRDxwfnmiIY8yQ21Z44yUDGCos,impupupu,716,426,375,False,False,False,False
CHALLENGER,GDkUaEOM7t0Z5BV6DRGs9eoP0bKn9YE6V3CwxTUYXO3ZF68,자격이 없습니다,735,711,611,False,False,True,False
CHALLENGER,UU_2oanpgCw5ki94-1lWMe4gdLSFfCm-j8dX1q64G50S4Wg,뒤질게,710,659,635,False,False,True,False
CHALLENGER,IvAcadLmrvnF5Np5-B68uYaixj860Ozww8n-fm_nZjQSDwM,잘해질꺼여,733,466,349,False,False,True,False
CHALLENGER,GdSF0T2cJS0WIiNLCH0GBa1ZEQlcGRpWcCPjDU5K1mpx5-s,아라드,697,356,309,False,False,True,False
CHALLENGER,ycD6VjEkDGUlLYJYRsxFXwMWKRdK8bvI4eptcrvA404SrQ,zzzzzzzzzz3,853,356,292,False,False,False,True
CHALLENGER,EUvT4eoYiJkBolVqF2aS3-VcOfCHPppg7Ykm2y1Jc7pZrzc,HHHHHD,977,472,417,True,False,False,True
CHALLENGER,_Eir8suOwdbJchfjHwJrebp6yLuHVrP3gb26wPToKIlNU_M,zwhy,959,308,251,True,False,False,False
CHALLENGER,USkii7Loc88eBVigVRyGCz14JM7ZKmzAoogdRsdw4p2kj5Q,black svvan,1139,608,521,True,False,False,False
CHALLENGER,Lsd0bKNq8uE_Nh4CVmxXpyahPSZCzRnnaxzpDfzz5M2IxdE,T1 Oner,819,1009,862,False,False,False,False
CHALLENGER,lnSmjo-owxJZnFa20UEgc_bUflFkNevADuMVZzqdVtGljFw,xinnian0,800,319,263,False,False,True,True
CHALLENGER,P9h_rlDT7LtyMu8XmKR7U9Bz_xpOwW0rdyMYPAIkShNaUQI,mla,703,309,270,False,False,True,False
CHALLENGER,gOGZG4VeKpD37ZxZz8gggMyDTRquknsr2Owt44yXxLKO5aU,FPXzhaoAP4506303,1123,445,310,True,False,False,True
CHALLENGER,NLQ3fFWFu5oP7Hwl-U4vmdobCcJq1nb2uhqXV91x_y4ct9L4,xiaozhabi,910,222,96,False,False,False,False
CHALLENGER,Dy0xBIPpXKcHzBHoCQSM95EkQ-T-_w4l0teduSzHVwsq5mw,99River,755,235,195,False,False,True,False
CHALLENGER,_gccZWcLdD7eOO79pkCtI2MdI8VnhVYJuqTsU_Q1jvhAl40,FPXzhaoUP4506303,946,254,139,False,False,False,False
CHALLENGER,83-fQsHPOvAGe9aHzW8pVltTTkWeHidA81UQkH4fgl-koSM,DRX Peach,807,441,376,True,False,False,False
CHALLENGER,SR65WuxubmN1-i7NKFy5RJPnQErALoHNTnRh4TPwrrVLyQI,breakkkk,866,455,414,True,False,False,False
CHALLENGER,3MZqxktVKbxYd0XFmw9A5Pad9In78bcMWpeHQxCcA7vVZmI,남동현,822,428,359,False,False,True,False
CHALLENGER,5MJbpc438H2o4ASOHnKtJnqNp6cBE6XzHShiopiMfDHT_gE,NO BB TOP KING,865,460,403,False,False,False,False
CHALLENGER,RSw8eaiONRMG2VecMSi61l1LEf7E_0d-MZT3N_hsOcMBsDY,정점파이크2,810,225,128,False,False,True,True
CHALLENGER,SdvWktcuPFsxou5FLFZeWgZBEy4dvvRnNdsP5ulr-EYebJ0,갱장헤 엄청나,1322,377,291,True,False,False,False
CHALLENGER,NiBoOt9BdsBl--HavRj5BKXyd7pFXL0Vk9Jj6YCqowTqu5U,shiyigebuwei,985,680,585,True,False,False,False
CHALLENGER,ueeFzz2tF-24Sa2MWafaXZQI3IfNRkluM_go1QcHyfFj5w,SHARK KING,795,190,71,False,False,False,False
CHALLENGER,nVW8jGso0NFchB-SvRw6KR5A1GEMC8BHggz_FufdmBMTmw,JustLikeThatKR,783,365,356,True,False,False,False
CHALLENGER,rOo_ZW6dnPK-JZC9p2pGyoqjuNuw4RLQujseBCIDNUq8nI4,무우오렌지형,1011,622,577,True,False,False,False
CHALLENGER,x-7OhX3hHoOrTIL6BThPKQZQlTWvFv_61YDp9DTxWJ6qjO0,Luuren,933,261,213,True,False,False,False
CHALLENGER,3hnNkFASBQ055iHlUv-s8j85HLQg2htrxgZX6u_KcFS9FOI,pjtL,778,721,670,False,False,False,False
CHALLENGER,g3KU50RCtM4-wNexEjIZa5nSZElqhVENlfVK10c1T8dvlKo,See u AG,774,253,200,False,False,False,False
CHALLENGER,zyq7__Kh2rK8tQY0hDB-2lW53ZvHo2XONtIC4dKqwz3I7Zc,Thal YouTube KR,949,521,508,True,False,False,False
CHALLENGER,atgtiCVQsN8Z6_qmZxA21O2patTQAAU8S1C34qbXqbkGSIg,ZED99,964,443,324,True,False,False,False
CHALLENGER,M6hcTqFZfykwgh3vl5AAfxy7QmSZZ31VAr65woHgOF0nEPw,밧형욱,784,292,247,False,False,True,False
CHALLENGER,p5IRPH5xUVLdPyzTRuo9OI5gHJ4B1TXQyumxIMqtsgCdLV4,EM Envyy,1032,446,385,False,False,False,True
CHALLENGER,uP2AEE3A2Jp5MTUck1pdNoVGdaTRlom0nErSSz6Qn8me-zI,건드리면누누함,688,281,247,False,False,True,True
CHALLENGER,c3EcdV1wZyVr8cLq4GRtCu2-1Uk_H1k89NMCiQV9lTDCEAo,so우울,898,293,234,False,False,False,False
CHALLENGER,pzl2EYgmEe0zNCokbcvQZzF9wt3BmCdLPYmgZ0bYr8PqgIQ,DWG ShowMaker,1660,323,230,True,False,False,True
CHALLENGER,MEhquj6yzoFwfn2ZMRe4FiHqF-WusrUUwJgk7ZoY1tRHonI,Gen G Rascal,830,317,282,False,False,True,False
CHALLENGER,J04oHDDWRQHJfHoVzb48696zzpZ-qmp-jTH-2hylJ1Wdmhk,yyyyxxxxzzzz,663,858,809,False,False,True,False
CHALLENGER,BMBxOXYLhLjfKde94Ncn9R2QiqQGhXGmr2E0CuB-TGOg5KA,Dread00,1343,248,169,False,False,False,False
CHALLENGER,14X8kZtT8R7iqLbf7IkOebGejKBbRvo5_B2Cv0UUNnmgyKk,T1 Closer,828,653,604,True,False,False,False
CHALLENGER,of7HOTmReqpN4JgEz_MlhUna0RfgiVykkXMSV9shG-EV9Q,wuwuwu biemawo,837,352,305,False,False,False,False
CHALLENGER,l3CcU5lXubn8tPa0GfrnZ-by9KD6ztjLwaUVYQYImZxBLxE,IIIllIllIIIIIl,1346,277,185,True,False,False,False
CHALLENGER,LLdR_KjIWvtUfPGbHKE8BJSbSq3xG7bgJ-V3WxobAAULYx0,SANDBOX Ice,783,418,383,False,False,False,False
CHALLENGER,k_fg3E1RkJjC9np6ffmsBdf8RUyVT8pWRzNytTI6aUdJbNg,전지적테디시점,939,387,350,True,False,False,False
CHALLENGER,Gtj8aMpBL-jA7LFOhmb_G1wfrk7N3w8-Qz4m18wtYsrZlNA,EM Envy,708,346,303,False,False,False,False
CHALLENGER,2FSQzQ42vdAFq_3ViS0s9eURywh7PgSKnBS8DQ2kqzSR2Lw,운이필요하 다,843,477,346,False,False,True,True
CHALLENGER,-AA-QehNpeLq0RcUroJdqCYN31T6UoCsIEhIX2uEJO9I-9M,정중지와1,785,293,226,False,False,False,True
CHALLENGER,mJjs0Om8bxOg_c7q9dDb3qZ7N_QNMJLcUqb_QLJZhMuxsVM,I still remember,1164,1172,1031,True,False,False,True
CHALLENGER,RMbhH1IU-LwYwhRrmxeouHWHXdvFfiRb-Etq34lOGVmqk9k,이 차가 식기전에,1095,876,807,False,False,False,False
CHALLENGER,CfTpgA4s7xUTlexGqD-50A5vi8EK9F8xwiwFCJj_0UuzzsQ,BRB Minit,746,396,351,False,False,False,False
CHALLENGER,ruE39d7t5902nI25ehiq9l2oaDtc-gsjV7gmL0m1le768JI,jgjgjgjg1,1394,314,153,True,False,False,False
CHALLENGER,pHFdSpUonsIZDI2vfeMfPUFjb53MZ5lZ-y3MNGhn45wEY8P8,모두가 건강하길,752,159,113,False,False,True,False
CHALLENGER,cVsOTqDUtdAaOT_oKV4UzBBJudTKe6TT_gkUO9HHDG9qdA,sheng huo bu yi,723,373,330,False,False,True,True
CHALLENGER,kBJ8GUpbTBpycIZ3uX_8E7JXi4CsF0CBKEJM8uK7QSZewg8,DWG Canyon,1035,432,360,True,False,False,False
CHALLENGER,eE-uv7jPdTUgy-aPpaBGVaTYbYQoMJq221vV9NCs-1tMJw,미쳐놈,1060,717,644,True,False,False,False
CHALLENGER,zZdj5A_e0MZeMzNL1--5zkR4w8sIW3fxWYKcaXqwPPSPy1Y,10k EGO,737,565,510,False,False,True,False
CHALLENGER,enMqGTisHa-OH9OhXpKrUzyJr3mNjtG33pZAVcv37wL4ctA,supupsupupsupup,949,404,342,True,False,False,False
CHALLENGER,7N-xHRuKu_WzSPlkQDzruA2q8Li3vW3PGfIxH5wD-mED7Ns,gkstmdals,790,542,439,True,False,False,True
CHALLENGER,kFimgJW2D3BJFMY00f17dl00v-XobdzoMej8uXqpYndxORE,Milf Chocolate,836,307,252,False,False,False,False
CHALLENGER,F0CRkJX7ofXjmnRbxtuys8FV_VXxfK-67EvaN1FeQ9WdSQ8,모찌피치모찌피치,726,727,687,False,False,True,False
CHALLENGER,SNP_l7tw_0VPu1LT3VY9pwjBzTolrktjReLzGrMe6OJv50Q,UijU,1004,542,488,True,False,False,False
CHALLENGER,o3eJcn98Afu6ipe0Hr-dgVhdvake7yzsqd1EFDuH3wyzaT4,태기베어,754,543,493,False,False,False,False
CHALLENGER,ftTEwU6fcDmPI5wzbloFyvkHjPq--w8OExAaqk0VWu3bYV8,EM 핑크돼지,696,430,422,False,False,True,True
CHALLENGER,JH8b8ihmtUHUtS-5NDu1WAG3OUnptE8BHLo8jaeC73QkU2E,중국인차단,799,188,144,True,False,False,False
CHALLENGER,jHqBcmnuiA2zrbKNk4V63e5bTHfuAisoVd9MTad1i2Zmy7E,정훈이의 모험,735,249,218,False,False,True,True
CHALLENGER,QRB8ZLR2mbUG3WlqIFVbi5ShIpOOogd-vQq12P_1wkjUVto,쭌 베,1054,275,216,True,False,False,False
CHALLENGER,D8Kz_Sm3ErW0mexifslnQosqXjGHEDqK1kFebJ7AYt5j4zM,can see you,910,853,744,False,False,True,False
CHALLENGER,ryT97__CvRRGMa9zZUV4bpmZLvxO4dB6o-XcEwZxi3vJ4IM,yasuo2,888,177,128,False,False,False,False
CHALLENGER,CcwJ5N2maZCrUmRzJZUaswcyalO5x2kXqlJ_tZqe8gsDiw,팀운정말나쁜사람,790,232,185,False,False,False,False
CHALLENGER,MT0J-EEZIUNrx14wXTWX8j-HeaNRsrDU0GcU5icDML8S7-g,엘리멘트 미스틱,699,289,267,False,False,True,True
CHALLENGER,JDnxX_vHhAfwD3QgT0fZrdeDwFXV8s67sk_v7vZNEHVCkJo,VGzhao345804673,716,225,169,False,False,True,False
CHALLENGER,SJrfFtrf3vhgr7g-RRPOOUWF27oT4RHhVn5KsgdhBgPLEw,mingkey00,774,246,192,False,False,False,False
CHALLENGER,6CfhNe_p-gvc7g9-Iqx-ZTFz9CuchXHIUPYzICquIP8VuYg,무섭다 나 자신,884,331,264,False,False,False,False
CHALLENGER,AezMOJFSSkhDbFA6ty6TwW2CA1Dlx5Eo3yZkVNUN4Jx8vkE,스위트 패스츄리,831,523,483,False,False,False,False
CHALLENGER,c4MuQ4YiRxNpcQh-jYefRNppLi5pt68dEaHre2vZZqyKSUw,lengjingsikao,637,721,681,False,False,True,False
CHALLENGER,WjmbYZXrrsHVDpeD0142ozIznoRosPRYhyoiuoIYqWKiI6Q,튀자튀자아,720,504,468,False,False,False,False
CHALLENGER,D4GY8J69vPvYno2DeuEiGMuXWkLo_c0bvb0m3rMaSDC1-2o,DRX Onlyl,810,562,512,True,False,False,False
CHALLENGER,R232jHK_whNLKwQG0IBaDhzcQ705Sml2JGAqtGodBHQqLdnW,개똥벌레a,1224,186,111,True,False,False,False
CHALLENGER,TjYxk7pK2Z_oJyNkTWxXQscLAh0cgmavQynTGKGo_Ni0dPA,베인장인요맨,814,345,287,False,False,False,True
CHALLENGER,81N2S_3a3AOHJvwSJ75cdqtNDAv3ZBrr_dhno0hZZhuGW2s,KENSHIN1,736,298,252,False,False,True,True
CHALLENGER,NLpGrORp0lok0nKy_3DIsSWPqfr0U8JQgtnok8cA67LXwQA,xasfsdwqewq,827,219,172,True,False,False,False
CHALLENGER,-IdVZq94mWPyy3wL7pzK3BD6POm0g3B9DlPqb-H5SVjBJYM,걸렸다 내정체,1023,325,258,False,False,False,False
CHALLENGER,WX3rB4WRrqQHAiD2wEJK-MgDgSCYeUp7iy8U9yoEi6puCz0,Zenit,758,426,382,True,False,False,False
CHALLENGER,KfOTiWbYq1-7O3X5RfAI-VmNtmY98mWXwd92xH69ZfwAav0,SPG Zzus,1196,325,263,True,False,False,True
CHALLENGER,f5-Oa4hzQrQW_HxhZY7NLMPxF3Tcvcyela33XiPs_IDb3e8,SANDBOX Leo,727,611,581,True,False,False,False
CHALLENGER,WMRTksEdflXr-HTxIKtZjd7GBqXPy-JB4lhGfQMqg0mqGn8,칸 나,1018,525,471,True,False,False,True
CHALLENGER,r05O5CfwAeqBcKDpwJiOdkyUo68z8VKL_I-yF3gOqdHCYig,KZ Quad,927,262,145,True,False,False,False
CHALLENGER,DMr6Ft2DVYeksqzONwrZy13zEg44QQqiKfV4IPENoKtJQd0,DRX Deft,1013,531,466,True,False,False,False
CHALLENGER,3aM7btj7Q3oJYTPe62NSLuJFHPytmO238Dt1P5V9ayPZhQc,7777케이,694,807,757,False,False,True,True
CHALLENGER,RPv1iiO6j2gBfhR5b5MF4xJzIS6-5KkLpW0SwTWYXTe8SNw,EM Karas,837,758,695,False,False,False,False
CHALLENGER,Y-fVYXgFiIB1gmiW5bNHWDwAUut5gZI1GySWjOHiPZ3ADQ,MAI WAY,760,190,144,True,False,False,False
CHALLENGER,CCeiBmIwXpNU6IuXLBrn_ZRW5vlJKMIzaCNUW6GLcmn0V04,아카루이,760,201,152,False,False,False,False
CHALLENGER,tThz31GiyieiQtsfUbIWRLPnb3PmZMTVgRgIKq9Fj2wyY9w,Sup2020,689,385,343,False,False,False,False
CHALLENGER,aitoCa8l_7VNu5yDtWOD8xVLSXabnEMp4xCUjea7Is6zf8M,lai zi shen yuan,656,451,396,False,False,True,False
CHALLENGER,dI8UnAdsqwmWLTjogSMG9IrA5FaU4bl2Cu8yDBOB74oOy68,SANDBOX Route,1002,377,331,True,False,False,False
CHALLENGER,mY6LYJcZSRyP-K3p41SuZYfF9Px2iLyLs_rjcaLYzLOOHeM,버기해적단 버기,773,331,295,False,False,False,False
CHALLENGER,xTHqQPCegLnVxJ53FIBwAc4so--P9qLlZdNS-e9gVotSfZQ,lingplus,678,313,296,False,False,True,False
CHALLENGER,ZwtSU0aish1zNtG5DycP_2gN_p-TCiI5HITWzOJEIDhqqw,Swordart777,1047,523,441,True,False,False,False
CHALLENGER,vDmMVvnonIQhNQ4-SQZ6G16orOuZ0sIMJyoX-wYaZa9_300,교육잘받은도구,639,362,316,False,False,False,False
CHALLENGER,-zz06v18Pmx5briVpr2Sts5d_EgS5mu9_Ues6a0-RcnaZN8,Morgan Burdol,845,744,689,True,False,False,False
CHALLENGER,XjUHYx6rgdfa4ks5VLyiQ7ne63yGZfhfQuPG55slky7WOyY,모두모두행복하길,1119,228,107,True,False,False,True
CHALLENGER,mFTwqjC3PElNSrGz1zpRyMgkZKL_LJarpOkz1UauP5tY7A0,Gen G Karis,816,488,480,False,False,False,True
CHALLENGER,h3pzF6sPrrFu91g25QpHAYniS66Mo-1ecabBPK0BlWjsmu8,요붕스1,1275,492,395,True,False,False,False
CHALLENGER,n-jrEBkUwLG0CpNJ9u9Xork0YAu80jeMmhC3vuRZP0XDm8o,quaddd,925,234,184,False,False,False,False
CHALLENGER,zB2a8nzMs1nE92Bte5qOBUR_XPBHNvu0npDbaS0173J_5QA,Pz ZZang,838,206,164,False,False,True,False
CHALLENGER,9jNE_lN1zyjG2Fk7_PG7ddHPOKkyUeM8t5a1GIkj7uFJXw,T1 Roach,907,654,614,True,False,False,False
CHALLENGER,cqOsaV_dNrrGq5asrksbY92F0grD3nXV84N93vsCxzCdRzVd,wsnowman ,872,154,56,False,False,False,False
CHALLENGER,rwrVFI-CmY5tU2Ap98xNZnhofDxSKjc7ND4MA4qs0F4QxQ,굿 팀,766,603,561,True,False,False,False
CHALLENGER,2oeNSQIRElWuBBy0P7VCALPN2pU-pwKS5lKVDqsh1pon5w,허징어링,756,147,136,False,False,False,False
CHALLENGER,g9Wo0lEx9Y4o79M8MGNjxSkap1m2K8Nx-FB4orhcrXWlXIA,whisper snow,759,707,659,True,False,False,False
CHALLENGER,fe93RY1MLYluPmarZSrRxfPLFfbc0PNsjPh4JTVG9cURaXo,hick billy,649,428,388,False,False,True,False
CHALLENGER,QxJwsgsMkFtUqhgmTgwXQw59dpzfLF5SS-j1BRYrmwuMzH4,daye lihai,728,726,686,False,False,False,False
CHALLENGER,EKJpC19EiYYuG5wn12rNTKxqr6P2nmFX0nvzaLm1r-ACyQ,탑나라 룰루공주,1012,373,297,True,False,False,False
CHALLENGER,AWYw0H-nuacL1iTVwP_JiWf6fsVhs3C-d_tv_QtFIMucC5I,boom1boom,836,237,169,False,False,False,False
CHALLENGER,12akWkNEs6a2yuXA1cBbtSboM95Z17g5OKdb21N7E-eiWUg,별 수호자 크림몬,754,435,326,False,False,False,False
CHALLENGER,Cgw3G8xRb3Dp0L2ydr7Zy9_PLruZozERrUZqbwt6y53e7iU,corgii,753,538,451,True,False,False,False
CHALLENGER,y7Bi7ggguLC_jWPW0UwCNYX8DaVvje0Baw0U5stJ1vMHTQ,Iove galio,872,391,319,True,False,False,False
CHALLENGER,8wR_3qF35HVW69hLsjccgIINpYvL1hIrecTuwu7hlqhMqBo,엘 림,900,538,493,True,False,False,False
CHALLENGER,VCHWk7yvBAS8VmeA0ehYcClwnevyhYjyKsnfEKLHchJQSmo,HLE Vsta,972,231,181,True,False,False,False
CHALLENGER,QzJ7UtzHD0PuP2XSdF8K4wSD9ozAJePPY1hyNMfavqLxn0M,롤오브레전드1234,938,210,161,False,False,False,False
CHALLENGER,vZzxELCJgrXsbIdbmbuu_24QWqD6BMugA7545L-h0sN3fGc,d0 myself ,699,904,861,False,False,True,True
